<?xml version="1.0" encoding="UTF-8"?>
<module codename="org.netbeans.modules.keyring">
    <module_version install_time="1329946566016" last="true" origin="installer" specification_version="1.8.1">
        <file crc="3581559990" name="config/Modules/org-netbeans-modules-keyring.xml"/>
        <file crc="2509145635" name="modules/locale/org-netbeans-modules-keyring_ja.jar"/>
        <file crc="3564381342" name="modules/locale/org-netbeans-modules-keyring_pt_BR.jar"/>
        <file crc="1768846215" name="modules/locale/org-netbeans-modules-keyring_ru.jar"/>
        <file crc="2746913072" name="modules/locale/org-netbeans-modules-keyring_zh_CN.jar"/>
        <file crc="546762765" name="modules/org-netbeans-modules-keyring.jar"/>
    </module_version>
</module>
