<?xml version="1.0" encoding="UTF-8"?><module codename="org.netbeans.modules.javahelp/1">
    <module_version install_time="1386434719576" last="true" origin="installer" specification_version="2.24.1">
        <file crc="3126457443" name="config/Modules/org-netbeans-modules-javahelp.xml"/>
        <file crc="2051790136" name="modules/ext/jhall-2.0_05.jar"/>
        <file crc="2689453293" name="modules/locale/org-netbeans-modules-javahelp_ja.jar"/>
        <file crc="3900052489" name="modules/locale/org-netbeans-modules-javahelp_pt_BR.jar"/>
        <file crc="3851776380" name="modules/locale/org-netbeans-modules-javahelp_ru.jar"/>
        <file crc="3624698633" name="modules/locale/org-netbeans-modules-javahelp_zh_CN.jar"/>
        <file crc="845091093" name="modules/org-netbeans-modules-javahelp.jar"/>
    </module_version>
</module>
