<?xml version="1.0" encoding="UTF-8"?>
<module codename="org.openide.nodes">
    <module_version install_time="1358597975397" last="true" origin="installer" specification_version="7.25.1">
        <file crc="11361373" name="config/ModuleAutoDeps/org-openide-nodes.xml"/>
        <file crc="3092369940" name="config/Modules/org-openide-nodes.xml"/>
        <file crc="2021193564" name="modules/locale/org-openide-nodes_ja.jar"/>
        <file crc="284268135" name="modules/locale/org-openide-nodes_pt_BR.jar"/>
        <file crc="2147963397" name="modules/locale/org-openide-nodes_ru.jar"/>
        <file crc="1665718833" name="modules/locale/org-openide-nodes_zh_CN.jar"/>
        <file crc="2759114558" name="modules/org-openide-nodes.jar"/>
    </module_version>
</module>
