<?xml version="1.0" encoding="UTF-8"?><module codename="org.openide.io">
    <module_version install_time="1421843594180" last="true" origin="installer" specification_version="1.45.1">
        <file crc="3834804485" name="config/Modules/org-openide-io.xml"/>
        <file crc="2043126160" name="modules/locale/org-openide-io_ja.jar"/>
        <file crc="926553853" name="modules/locale/org-openide-io_pt_BR.jar"/>
        <file crc="3984099282" name="modules/locale/org-openide-io_ru.jar"/>
        <file crc="1180545070" name="modules/locale/org-openide-io_zh_CN.jar"/>
        <file crc="2309409565" name="modules/org-openide-io.jar"/>
    </module_version>
</module>
