<?xml version="1.0" encoding="UTF-8"?>
<module codename="org.openide.text">
    <module_version install_time="1358597977764" last="true" origin="installer" specification_version="6.43.1">
        <file crc="2441864466" name="config/ModuleAutoDeps/org-openide-text.xml"/>
        <file crc="1795978028" name="config/Modules/org-openide-text.xml"/>
        <file crc="3660719912" name="modules/locale/org-openide-text_ja.jar"/>
        <file crc="2346401630" name="modules/locale/org-openide-text_pt_BR.jar"/>
        <file crc="3933400811" name="modules/locale/org-openide-text_ru.jar"/>
        <file crc="4174912820" name="modules/locale/org-openide-text_zh_CN.jar"/>
        <file crc="1786057109" name="modules/org-openide-text.jar"/>
    </module_version>
</module>
