<?xml version="1.0" encoding="UTF-8"?>
<module codename="org.openide.util.enumerations">
    <module_version install_time="1349633386430" last="true" origin="installer" specification_version="6.19.1">
        <file crc="4290833959" name="config/Modules/org-openide-util-enumerations.xml"/>
        <file crc="4165639538" name="modules/locale/org-openide-util-enumerations_ja.jar"/>
        <file crc="4264247698" name="modules/locale/org-openide-util-enumerations_pt_BR.jar"/>
        <file crc="87357665" name="modules/locale/org-openide-util-enumerations_ru.jar"/>
        <file crc="1906250594" name="modules/locale/org-openide-util-enumerations_zh_CN.jar"/>
        <file crc="1931072453" name="modules/org-openide-util-enumerations.jar"/>
    </module_version>
</module>
