<?xml version="1.0" encoding="UTF-8"?><module codename="org.netbeans.spi.quicksearch">
    <module_version install_time="1421843594208" last="true" origin="installer" specification_version="1.23.1">
        <file crc="2420451830" name="config/Modules/org-netbeans-spi-quicksearch.xml"/>
        <file crc="817610877" name="modules/locale/org-netbeans-spi-quicksearch_ja.jar"/>
        <file crc="846520009" name="modules/locale/org-netbeans-spi-quicksearch_pt_BR.jar"/>
        <file crc="1197474350" name="modules/locale/org-netbeans-spi-quicksearch_ru.jar"/>
        <file crc="1461024396" name="modules/locale/org-netbeans-spi-quicksearch_zh_CN.jar"/>
        <file crc="1152821002" name="modules/org-netbeans-spi-quicksearch.jar"/>
    </module_version>
</module>
