<?xml version="1.0" encoding="UTF-8"?><module codename="org.netbeans.modules.autoupdate.cli">
    <module_version install_time="1421843591436" last="true" origin="installer" specification_version="1.9.1">
        <file crc="1140292232" name="config/Modules/org-netbeans-modules-autoupdate-cli.xml"/>
        <file crc="93103692" name="modules/locale/org-netbeans-modules-autoupdate-cli_ja.jar"/>
        <file crc="589531514" name="modules/locale/org-netbeans-modules-autoupdate-cli_pt_BR.jar"/>
        <file crc="1612478843" name="modules/locale/org-netbeans-modules-autoupdate-cli_ru.jar"/>
        <file crc="3232888367" name="modules/locale/org-netbeans-modules-autoupdate-cli_zh_CN.jar"/>
        <file crc="3229635551" name="modules/org-netbeans-modules-autoupdate-cli.jar"/>
    </module_version>
</module>
