<?xml version="1.0" encoding="UTF-8"?>
<module codename="org.netbeans.api.annotations.common/1">
    <module_version install_time="1346160501267" last="true" origin="installer" specification_version="1.11.1">
        <file crc="1285559856" name="config/Modules/org-netbeans-api-annotations-common.xml"/>
        <file crc="2890653741" name="modules/locale/org-netbeans-api-annotations-common_ja.jar"/>
        <file crc="779899812" name="modules/locale/org-netbeans-api-annotations-common_pt_BR.jar"/>
        <file crc="3747863335" name="modules/locale/org-netbeans-api-annotations-common_ru.jar"/>
        <file crc="412126207" name="modules/locale/org-netbeans-api-annotations-common_zh_CN.jar"/>
        <file crc="609315606" name="modules/org-netbeans-api-annotations-common.jar"/>
    </module_version>
</module>
