<?xml version="1.0" encoding="UTF-8"?>
<module codename="org.openide.execution">
    <module_version install_time="1346160499768" last="true" origin="installer" specification_version="1.24.1">
        <file crc="3133979221" name="config/ModuleAutoDeps/org-openide-execution.xml"/>
        <file crc="1899864534" name="config/Modules/org-openide-execution.xml"/>
        <file crc="627259916" name="modules/locale/org-openide-execution_ja.jar"/>
        <file crc="1884344253" name="modules/locale/org-openide-execution_pt_BR.jar"/>
        <file crc="3156855586" name="modules/locale/org-openide-execution_ru.jar"/>
        <file crc="3750925174" name="modules/locale/org-openide-execution_zh_CN.jar"/>
        <file crc="4046111677" name="modules/org-openide-execution.jar"/>
    </module_version>
</module>
