<?xml version="1.0" encoding="UTF-8"?><module codename="org.openide.compat">
    <module_version install_time="1421843592548" last="true" origin="installer" specification_version="6.33.1">
        <file crc="1028000658" name="config/Modules/org-openide-compat.xml"/>
        <file crc="2185490020" name="modules/locale/org-openide-compat_ja.jar"/>
        <file crc="1002973090" name="modules/locale/org-openide-compat_pt_BR.jar"/>
        <file crc="1871254375" name="modules/locale/org-openide-compat_ru.jar"/>
        <file crc="2178019272" name="modules/locale/org-openide-compat_zh_CN.jar"/>
        <file crc="2924541328" name="modules/org-openide-compat.jar"/>
    </module_version>
</module>
