<?xml version="1.0" encoding="UTF-8"?><module codename="org.openide.modules">
    <module_version install_time="1421843593868" last="true" origin="installer" specification_version="7.43.1">
        <file crc="1391508081" name="config/ModuleAutoDeps/org-openide-modules.xml"/>
        <file crc="135064722" name="lib/locale/org-openide-modules_ja.jar"/>
        <file crc="1184730869" name="lib/locale/org-openide-modules_pt_BR.jar"/>
        <file crc="2708843616" name="lib/locale/org-openide-modules_ru.jar"/>
        <file crc="2893820814" name="lib/locale/org-openide-modules_zh_CN.jar"/>
        <file crc="651123919" name="lib/org-openide-modules.jar"/>
    </module_version>
</module>
