<?xml version="1.0" encoding="UTF-8"?><module codename="org.netbeans.modules.settings/1">
    <module_version install_time="1421843593453" last="true" origin="installer" specification_version="1.45.1">
        <file crc="554047262" name="config/Modules/org-netbeans-modules-settings.xml"/>
        <file crc="2598117798" name="modules/locale/org-netbeans-modules-settings_ja.jar"/>
        <file crc="4106049251" name="modules/locale/org-netbeans-modules-settings_pt_BR.jar"/>
        <file crc="1970359153" name="modules/locale/org-netbeans-modules-settings_ru.jar"/>
        <file crc="1066207657" name="modules/locale/org-netbeans-modules-settings_zh_CN.jar"/>
        <file crc="2411678224" name="modules/org-netbeans-modules-settings.jar"/>
    </module_version>
</module>
