<?xml version="1.0" encoding="UTF-8"?>
<module codename="org.netbeans.modules.autoupdate.ui">
    <module_version install_time="1358597961201" last="true" origin="installer" specification_version="1.25.1">
        <file crc="123778612" name="config/Modules/org-netbeans-modules-autoupdate-ui.xml"/>
        <file crc="240983523" name="modules/locale/org-netbeans-modules-autoupdate-ui_ja.jar"/>
        <file crc="2334056971" name="modules/locale/org-netbeans-modules-autoupdate-ui_pt_BR.jar"/>
        <file crc="3168781665" name="modules/locale/org-netbeans-modules-autoupdate-ui_ru.jar"/>
        <file crc="2374383078" name="modules/locale/org-netbeans-modules-autoupdate-ui_zh_CN.jar"/>
        <file crc="4264607321" name="modules/org-netbeans-modules-autoupdate-ui.jar"/>
    </module_version>
</module>
