<?xml version="1.0" encoding="UTF-8"?><module codename="org.netbeans.modules.spi.actions/1">
    <module_version install_time="1421843592243" last="true" origin="installer" specification_version="1.24.1">
        <file crc="1336977091" name="config/Modules/org-netbeans-modules-spi-actions.xml"/>
        <file crc="3523757492" name="modules/locale/org-netbeans-modules-spi-actions_ja.jar"/>
        <file crc="3717443758" name="modules/locale/org-netbeans-modules-spi-actions_pt_BR.jar"/>
        <file crc="3724536155" name="modules/locale/org-netbeans-modules-spi-actions_ru.jar"/>
        <file crc="1515356895" name="modules/locale/org-netbeans-modules-spi-actions_zh_CN.jar"/>
        <file crc="1469859459" name="modules/org-netbeans-modules-spi-actions.jar"/>
    </module_version>
</module>
