<?xml version="1.0" encoding="UTF-8"?><module codename="org.netbeans.core.netigso">
    <module_version install_time="1386434716750" last="true" origin="installer" specification_version="1.12.1">
        <file crc="3723901005" name="config/Modules/org-netbeans-core-netigso.xml"/>
        <file crc="470864616" name="modules/locale/org-netbeans-core-netigso_ja.jar"/>
        <file crc="2658837004" name="modules/locale/org-netbeans-core-netigso_pt_BR.jar"/>
        <file crc="2711849482" name="modules/locale/org-netbeans-core-netigso_ru.jar"/>
        <file crc="2184454077" name="modules/locale/org-netbeans-core-netigso_zh_CN.jar"/>
        <file crc="383247399" name="modules/org-netbeans-core-netigso.jar"/>
    </module_version>
</module>
