<?xml version="1.0" encoding="UTF-8"?>
<module codename="org.netbeans.modules.progress.ui">
    <module_version install_time="1358597965209" last="true" origin="installer" specification_version="1.18.1">
        <file crc="3222128542" name="config/Modules/org-netbeans-modules-progress-ui.xml"/>
        <file crc="3075888043" name="modules/locale/org-netbeans-modules-progress-ui_ja.jar"/>
        <file crc="2933446531" name="modules/locale/org-netbeans-modules-progress-ui_pt_BR.jar"/>
        <file crc="199952280" name="modules/locale/org-netbeans-modules-progress-ui_ru.jar"/>
        <file crc="1416457644" name="modules/locale/org-netbeans-modules-progress-ui_zh_CN.jar"/>
        <file crc="3909610909" name="modules/org-netbeans-modules-progress-ui.jar"/>
    </module_version>
</module>
