<?xml version="1.0" encoding="UTF-8"?>
<module codename="org.netbeans.modules.netbinox">
    <module_version install_time="1358597963666" last="true" origin="installer" specification_version="1.24.1">
        <file crc="3482404302" name="config/Modules/org-netbeans-modules-netbinox.xml"/>
        <file crc="2182842435" name="modules/ext/org.eclipse.osgi_3.6.0.v20100517.jar"/>
        <file crc="806321626" name="modules/locale/org-netbeans-modules-netbinox_ja.jar"/>
        <file crc="2391769573" name="modules/locale/org-netbeans-modules-netbinox_pt_BR.jar"/>
        <file crc="3557043443" name="modules/locale/org-netbeans-modules-netbinox_ru.jar"/>
        <file crc="3830804148" name="modules/locale/org-netbeans-modules-netbinox_zh_CN.jar"/>
        <file crc="413771816" name="modules/org-netbeans-modules-netbinox.jar"/>
    </module_version>
</module>
