<?xml version="1.0" encoding="UTF-8"?><module codename="org.openide.execution">
    <module_version install_time="1421843592616" last="true" origin="installer" specification_version="1.36.1">
        <file crc="3133979221" name="config/ModuleAutoDeps/org-openide-execution.xml"/>
        <file crc="1899864534" name="config/Modules/org-openide-execution.xml"/>
        <file crc="1703173878" name="modules/locale/org-openide-execution_ja.jar"/>
        <file crc="3779756150" name="modules/locale/org-openide-execution_pt_BR.jar"/>
        <file crc="537472105" name="modules/locale/org-openide-execution_ru.jar"/>
        <file crc="2678550511" name="modules/locale/org-openide-execution_zh_CN.jar"/>
        <file crc="1807718986" name="modules/org-openide-execution.jar"/>
    </module_version>
</module>
