<?xml version="1.0" encoding="UTF-8"?>
<module codename="org.netbeans.modules.print">
    <module_version install_time="1329946560875" last="true" origin="installer" specification_version="7.11.1">
        <file crc="4146358971" name="config/Modules/org-netbeans-modules-print.xml"/>
        <file crc="3776263374" name="modules/locale/org-netbeans-modules-print_ja.jar"/>
        <file crc="773175448" name="modules/locale/org-netbeans-modules-print_pt_BR.jar"/>
        <file crc="564994156" name="modules/locale/org-netbeans-modules-print_ru.jar"/>
        <file crc="3347563139" name="modules/locale/org-netbeans-modules-print_zh_CN.jar"/>
        <file crc="536601414" name="modules/org-netbeans-modules-print.jar"/>
    </module_version>
</module>
