<?xml version="1.0" encoding="UTF-8"?><module codename="org.openide.util.enumerations">
    <module_version install_time="1421843592960" last="true" origin="installer" specification_version="6.30.1">
        <file crc="4290833959" name="config/Modules/org-openide-util-enumerations.xml"/>
        <file crc="3377409639" name="modules/locale/org-openide-util-enumerations_ja.jar"/>
        <file crc="3516314758" name="modules/locale/org-openide-util-enumerations_pt_BR.jar"/>
        <file crc="2941099205" name="modules/locale/org-openide-util-enumerations_ru.jar"/>
        <file crc="947446490" name="modules/locale/org-openide-util-enumerations_zh_CN.jar"/>
        <file crc="4144290989" name="modules/org-openide-util-enumerations.jar"/>
    </module_version>
</module>
