<?xml version="1.0" encoding="UTF-8"?>
<module codename="org.netbeans.libs.jsr223/1">
    <module_version install_time="1349633381491" last="true" origin="installer" specification_version="1.21.1">
        <file crc="1051087422" name="config/Modules/org-netbeans-libs-jsr223.xml"/>
        <file crc="1521509453" name="modules/locale/org-netbeans-libs-jsr223_ja.jar"/>
        <file crc="2296361234" name="modules/locale/org-netbeans-libs-jsr223_pt_BR.jar"/>
        <file crc="2928569561" name="modules/locale/org-netbeans-libs-jsr223_ru.jar"/>
        <file crc="3576272342" name="modules/locale/org-netbeans-libs-jsr223_zh_CN.jar"/>
        <file crc="3297885074" name="modules/org-netbeans-libs-jsr223.jar"/>
    </module_version>
</module>
