<?xml version="1.0" encoding="UTF-8"?><module codename="org.netbeans.core/2">
    <module_version install_time="1421843594080" last="true" origin="installer" specification_version="3.46.1">
        <file crc="1234898518" name="config/ModuleAutoDeps/org-netbeans-core.xml"/>
        <file crc="2943625018" name="config/Modules/org-netbeans-core.xml"/>
        <file crc="1111113720" name="modules/locale/org-netbeans-core_ja.jar"/>
        <file crc="2001830140" name="modules/locale/org-netbeans-core_pt_BR.jar"/>
        <file crc="1558231669" name="modules/locale/org-netbeans-core_ru.jar"/>
        <file crc="1648667573" name="modules/locale/org-netbeans-core_zh_CN.jar"/>
        <file crc="2292990356" name="modules/org-netbeans-core.jar"/>
    </module_version>
</module>
