<?xml version="1.0" encoding="UTF-8"?><module codename="org.netbeans.spi.quicksearch">
    <module_version install_time="1386434728479" last="true" origin="installer" specification_version="1.12.1">
        <file crc="2420451830" name="config/Modules/org-netbeans-spi-quicksearch.xml"/>
        <file crc="4022692525" name="modules/locale/org-netbeans-spi-quicksearch_ja.jar"/>
        <file crc="3274139849" name="modules/locale/org-netbeans-spi-quicksearch_pt_BR.jar"/>
        <file crc="3532102712" name="modules/locale/org-netbeans-spi-quicksearch_ru.jar"/>
        <file crc="2447665949" name="modules/locale/org-netbeans-spi-quicksearch_zh_CN.jar"/>
        <file crc="2466575966" name="modules/org-netbeans-spi-quicksearch.jar"/>
    </module_version>
</module>
