<?xml version="1.0" encoding="UTF-8"?>
<module codename="org.netbeans.swing.outline">
    <module_version install_time="1340647581123" last="true" origin="installer" specification_version="1.17.1">
        <file crc="3679534386" name="config/Modules/org-netbeans-swing-outline.xml"/>
        <file crc="1500298695" name="modules/locale/org-netbeans-swing-outline_ja.jar"/>
        <file crc="2174714527" name="modules/locale/org-netbeans-swing-outline_pt_BR.jar"/>
        <file crc="2091668905" name="modules/locale/org-netbeans-swing-outline_ru.jar"/>
        <file crc="3530541837" name="modules/locale/org-netbeans-swing-outline_zh_CN.jar"/>
        <file crc="4040975611" name="modules/org-netbeans-swing-outline.jar"/>
    </module_version>
</module>
