<?xml version="1.0" encoding="UTF-8"?><module codename="org.netbeans.modules.favorites/1">
    <module_version install_time="1421843591693" last="true" origin="installer" specification_version="1.40.1">
        <file crc="1394443980" name="config/Modules/org-netbeans-modules-favorites.xml"/>
        <file crc="1269231032" name="modules/locale/org-netbeans-modules-favorites_ja.jar"/>
        <file crc="470669061" name="modules/locale/org-netbeans-modules-favorites_pt_BR.jar"/>
        <file crc="2221386037" name="modules/locale/org-netbeans-modules-favorites_ru.jar"/>
        <file crc="2429715471" name="modules/locale/org-netbeans-modules-favorites_zh_CN.jar"/>
        <file crc="3388351129" name="modules/org-netbeans-modules-favorites.jar"/>
    </module_version>
</module>
