<?xml version="1.0" encoding="UTF-8"?><module codename="org.netbeans.modules.options.keymap">
    <module_version install_time="1421843592080" last="true" origin="installer" specification_version="1.31.1">
        <file crc="2363851279" name="config/Modules/org-netbeans-modules-options-keymap.xml"/>
        <file crc="2687210557" name="modules/locale/org-netbeans-modules-options-keymap_ja.jar"/>
        <file crc="1698475229" name="modules/locale/org-netbeans-modules-options-keymap_pt_BR.jar"/>
        <file crc="453929223" name="modules/locale/org-netbeans-modules-options-keymap_ru.jar"/>
        <file crc="888787793" name="modules/locale/org-netbeans-modules-options-keymap_zh_CN.jar"/>
        <file crc="2615268689" name="modules/org-netbeans-modules-options-keymap.jar"/>
    </module_version>
</module>
