<?xml version="1.0" encoding="UTF-8"?>
<module codename="org.openide.options">
    <module_version install_time="1340647576758" last="true" origin="installer" specification_version="6.21.1">
        <file crc="2763036759" name="config/Modules/org-openide-options.xml"/>
        <file crc="2697766440" name="modules/locale/org-openide-options_ja.jar"/>
        <file crc="1212017563" name="modules/locale/org-openide-options_pt_BR.jar"/>
        <file crc="1298668694" name="modules/locale/org-openide-options_ru.jar"/>
        <file crc="2287476662" name="modules/locale/org-openide-options_zh_CN.jar"/>
        <file crc="3571409211" name="modules/org-openide-options.jar"/>
    </module_version>
</module>
