<?xml version="1.0" encoding="UTF-8"?><module codename="org.netbeans.modules.masterfs.macosx">
    <module_version install_time="1421843591914" last="true" origin="installer" specification_version="1.10.1">
        <file crc="4284776310" name="config/Modules/org-netbeans-modules-masterfs-macosx.xml"/>
        <file crc="4292856715" name="modules/locale/org-netbeans-modules-masterfs-macosx_ja.jar"/>
        <file crc="2593364274" name="modules/locale/org-netbeans-modules-masterfs-macosx_pt_BR.jar"/>
        <file crc="331473431" name="modules/locale/org-netbeans-modules-masterfs-macosx_ru.jar"/>
        <file crc="278154510" name="modules/locale/org-netbeans-modules-masterfs-macosx_zh_CN.jar"/>
        <file crc="430520107" name="modules/org-netbeans-modules-masterfs-macosx.jar"/>
    </module_version>
</module>
