<?xml version="1.0" encoding="UTF-8"?>
<module codename="org.netbeans.swing.tabcontrol">
    <module_version install_time="1329946566670" last="true" origin="installer" specification_version="1.29.1">
        <file crc="327432460" name="config/Modules/org-netbeans-swing-tabcontrol.xml"/>
        <file crc="2691031351" name="modules/locale/org-netbeans-swing-tabcontrol_ja.jar"/>
        <file crc="1636441478" name="modules/locale/org-netbeans-swing-tabcontrol_pt_BR.jar"/>
        <file crc="1674007191" name="modules/locale/org-netbeans-swing-tabcontrol_ru.jar"/>
        <file crc="2959672849" name="modules/locale/org-netbeans-swing-tabcontrol_zh_CN.jar"/>
        <file crc="2417072327" name="modules/org-netbeans-swing-tabcontrol.jar"/>
    </module_version>
</module>
