<?xml version="1.0" encoding="UTF-8"?><module codename="org.netbeans.core.io.ui/1">
    <module_version install_time="1386434716496" last="true" origin="installer" specification_version="1.14.1">
        <file crc="937424920" name="config/Modules/org-netbeans-core-io-ui.xml"/>
        <file crc="940542240" name="modules/locale/org-netbeans-core-io-ui_ja.jar"/>
        <file crc="156564410" name="modules/locale/org-netbeans-core-io-ui_pt_BR.jar"/>
        <file crc="2912674450" name="modules/locale/org-netbeans-core-io-ui_ru.jar"/>
        <file crc="1812164597" name="modules/locale/org-netbeans-core-io-ui_zh_CN.jar"/>
        <file crc="2285240168" name="modules/org-netbeans-core-io-ui.jar"/>
    </module_version>
</module>
