<?xml version="1.0" encoding="UTF-8"?>
<module codename="org.openide.modules">
    <module_version install_time="1358597978166" last="true" origin="installer" specification_version="7.27.1">
        <file crc="1391508081" name="config/ModuleAutoDeps/org-openide-modules.xml"/>
        <file crc="1527034333" name="lib/locale/org-openide-modules_ja.jar"/>
        <file crc="3968913931" name="lib/locale/org-openide-modules_pt_BR.jar"/>
        <file crc="166968238" name="lib/locale/org-openide-modules_ru.jar"/>
        <file crc="695268589" name="lib/locale/org-openide-modules_zh_CN.jar"/>
        <file crc="2691968885" name="lib/org-openide-modules.jar"/>
    </module_version>
</module>
