<?xml version="1.0" encoding="UTF-8"?><module codename="org.netbeans.core.output2/1">
    <module_version install_time="1421843590338" last="true" origin="installer" specification_version="1.37.1">
        <file crc="1198063063" name="config/Modules/org-netbeans-core-output2.xml"/>
        <file crc="1736266474" name="modules/locale/org-netbeans-core-output2_ja.jar"/>
        <file crc="2288776529" name="modules/locale/org-netbeans-core-output2_pt_BR.jar"/>
        <file crc="176344020" name="modules/locale/org-netbeans-core-output2_ru.jar"/>
        <file crc="1411082654" name="modules/locale/org-netbeans-core-output2_zh_CN.jar"/>
        <file crc="3291457842" name="modules/org-netbeans-core-output2.jar"/>
    </module_version>
</module>
