<?xml version="1.0" encoding="UTF-8"?>
<module codename="org.openide.loaders">
    <module_version install_time="1340647579181" last="true" origin="installer" specification_version="7.32.1">
        <file crc="3523985554" name="config/ModuleAutoDeps/org-openide-loaders.xml"/>
        <file crc="3241200" name="config/Modules/org-openide-loaders.xml"/>
        <file crc="2790893025" name="modules/locale/org-openide-loaders_ja.jar"/>
        <file crc="2050743713" name="modules/locale/org-openide-loaders_pt_BR.jar"/>
        <file crc="2473437878" name="modules/locale/org-openide-loaders_ru.jar"/>
        <file crc="2635107809" name="modules/locale/org-openide-loaders_zh_CN.jar"/>
        <file crc="2624135874" name="modules/org-openide-loaders.jar"/>
    </module_version>
</module>
