<?xml version="1.0" encoding="UTF-8"?>
<module codename="org.openide.dialogs">
    <module_version install_time="1346160502179" last="true" origin="installer" specification_version="7.23.1">
        <file crc="807629635" name="config/Modules/org-openide-dialogs.xml"/>
        <file crc="1888464103" name="modules/locale/org-openide-dialogs_ja.jar"/>
        <file crc="1224591065" name="modules/locale/org-openide-dialogs_pt_BR.jar"/>
        <file crc="3945133023" name="modules/locale/org-openide-dialogs_ru.jar"/>
        <file crc="1723556171" name="modules/locale/org-openide-dialogs_zh_CN.jar"/>
        <file crc="888906767" name="modules/org-openide-dialogs.jar"/>
    </module_version>
</module>
