<?xml version="1.0" encoding="UTF-8"?>
<module codename="org.openide.compat">
    <module_version install_time="1340647576039" last="true" origin="installer" specification_version="6.19.1">
        <file crc="1028000658" name="config/Modules/org-openide-compat.xml"/>
        <file crc="637791316" name="modules/locale/org-openide-compat_ja.jar"/>
        <file crc="1872652028" name="modules/locale/org-openide-compat_pt_BR.jar"/>
        <file crc="2953687137" name="modules/locale/org-openide-compat_ru.jar"/>
        <file crc="1349399500" name="modules/locale/org-openide-compat_zh_CN.jar"/>
        <file crc="1475500304" name="modules/org-openide-compat.jar"/>
    </module_version>
</module>
