<?xml version="1.0" encoding="UTF-8"?>
<module codename="org.netbeans.modules.spi.actions/1">
    <module_version install_time="1349633384167" last="true" origin="installer" specification_version="1.13.1">
        <file crc="1336977091" name="config/Modules/org-netbeans-modules-spi-actions.xml"/>
        <file crc="4167862389" name="modules/locale/org-netbeans-modules-spi-actions_ja.jar"/>
        <file crc="3388493184" name="modules/locale/org-netbeans-modules-spi-actions_pt_BR.jar"/>
        <file crc="3604723357" name="modules/locale/org-netbeans-modules-spi-actions_ru.jar"/>
        <file crc="2914739858" name="modules/locale/org-netbeans-modules-spi-actions_zh_CN.jar"/>
        <file crc="1570349105" name="modules/org-netbeans-modules-spi-actions.jar"/>
    </module_version>
</module>
