<?xml version="1.0" encoding="UTF-8"?><module codename="org.netbeans.libs.javafx">
    <module_version install_time="1421843590712" last="true" origin="installer" specification_version="2.4.1">
        <file crc="3843417750" name="config/Modules/org-netbeans-libs-javafx.xml"/>
        <file crc="1522199342" name="modules/locale/org-netbeans-libs-javafx_ja.jar"/>
        <file crc="1713722408" name="modules/locale/org-netbeans-libs-javafx_pt_BR.jar"/>
        <file crc="408803622" name="modules/locale/org-netbeans-libs-javafx_ru.jar"/>
        <file crc="3091638463" name="modules/locale/org-netbeans-libs-javafx_zh_CN.jar"/>
        <file crc="4074175947" name="modules/org-netbeans-libs-javafx.jar"/>
    </module_version>
</module>
