<?xml version="1.0" encoding="UTF-8"?><module codename="org.netbeans.core.netigso">
    <module_version install_time="1421843590219" last="true" origin="installer" specification_version="1.27.1">
        <file crc="3723901005" name="config/Modules/org-netbeans-core-netigso.xml"/>
        <file crc="3949480345" name="modules/locale/org-netbeans-core-netigso_ja.jar"/>
        <file crc="3260389875" name="modules/locale/org-netbeans-core-netigso_pt_BR.jar"/>
        <file crc="4100836145" name="modules/locale/org-netbeans-core-netigso_ru.jar"/>
        <file crc="1106814874" name="modules/locale/org-netbeans-core-netigso_zh_CN.jar"/>
        <file crc="2531279872" name="modules/org-netbeans-core-netigso.jar"/>
    </module_version>
</module>
