<?xml version="1.0" encoding="UTF-8"?>
<module codename="com.magnetpwns.branding">
    <module_version install_time="1358597974685" last="true" origin="installer" specification_version="1.0">
        <file crc="2756663983" name="config/Modules/com-magnetpwns-branding.xml"/>
        <file crc="2844881876" name="core/locale/core_aquamarin.jar"/>
        <file crc="2400074215" name="modules/com-magnetpwns-branding.jar"/>
        <file crc="1486989981" name="modules/locale/org-netbeans-core-windows_aquamarin.jar"/>
        <file crc="1388840051" name="modules/locale/org-netbeans-core_aquamarin.jar"/>
        <file crc="2109489205" name="update_tracking/com-magnetpwns-branding.xml"/>
    </module_version>
</module>
